# Fraction frozen, Temperatures, k, k_upper, k_lower
1.669449081803005058e-03,0.000000000000000000e+00,1.670844164817605849e-03,6.135855876892939292e-03,1.393855288100184059e-04
3.338898163606010116e-03,1.000000000000000000e+00,3.344484722847248636e-03,9.202494408213348839e-03,4.327673636321821712e-04
5.008347245409014957e-03,2.000000000000000000e+00,5.020931050099568770e-03,1.192094060664987062e-02,1.022171598042168842e-03
6.677796327212020232e-03,3.000000000000000000e+00,6.700192569819561975e-03,1.477841476546714813e-02,1.783612552881133628e-03
8.347245409015024639e-03,4.000000000000000000e+00,8.382278752804388222e-03,1.727806080330616945e-02,2.727811310107416433e-03
1.001669449081802991e-02,5.000000000000000000e+00,1.006719911772385560e-02,1.952163581192219166e-02,3.710460145225487512e-03
1.168614357262103519e-02,6.000000000000000000e+00,1.175496323144361970e-02,2.227302023619679230e-02,4.736637926474712192e-03
1.335559265442404046e-02,7.000000000000000000e+00,1.344558070935109734e-02,2.431948544034412060e-02,5.872019849862977758e-03
1.502504173622704574e-02,8.000000000000000000e+00,1.513906121568426612e-02,2.642462321755323709e-02,6.831779071290908570e-03
1.669449081803004928e-02,9.000000000000000000e+00,1.683541446386268778e-02,2.885254145109141313e-02,8.065711003415628605e-03
1.836393989983305455e-02,1.000000000000000000e+01,1.853465021682246597e-02,3.089412862631268908e-02,8.980516611501425037e-03
2.003338898163605983e-02,1.100000000000000000e+01,2.023677828735293352e-02,3.308017718983466415e-02,1.034679685423179306e-02
2.170283806343906510e-02,1.200000000000000000e+01,2.194180853843675713e-02,3.524835514313260504e-02,1.135277526492183345e-02
2.337228714524207038e-02,1.300000000000000000e+01,2.364975088359287311e-02,3.737567421745833368e-02,1.307996683035533500e-02
2.504173622704507565e-02,1.400000000000000000e+01,2.536061528722230105e-02,4.061097884332459662e-02,1.435168062055095992e-02
2.671118530884808093e-02,1.500000000000000000e+01,2.707441176495697585e-02,4.181850929143807877e-02,1.536719626056679867e-02
2.838063439065108620e-02,1.600000000000000000e+01,2.879115038401152196e-02,4.391137443389719897e-02,1.669740801431713120e-02
3.005008347245409148e-02,1.700000000000000000e+01,3.051084126353811182e-02,4.633470075477574834e-02,1.805438224527690372e-02
3.171953255425709328e-02,1.800000000000000000e+01,3.223349457498431159e-02,4.794599115369059528e-02,1.971323518284527967e-02
3.338898163606009856e-02,1.900000000000000000e+01,3.395912054245408401e-02,5.034551460171453330e-02,2.059897157058424716e-02
3.505843071786310383e-02,2.000000000000000000e+01,3.568772944307185141e-02,5.286512551980782071e-02,2.216451656787211261e-02
3.672787979966610911e-02,2.100000000000000000e+01,3.741933160734974700e-02,5.470351160625976789e-02,2.361724809020307458e-02
3.839732888146911438e-02,2.200000000000000000e+01,3.915393741955806861e-02,5.660582761569268873e-02,2.492060740567755492e-02
4.006677796327211966e-02,2.300000000000000000e+01,4.089155731809885480e-02,5.943874455807610091e-02,2.642462321755323709e-02
4.173622704507512493e-02,2.400000000000000000e+01,4.263220179588298603e-02,6.090793415229463215e-02,2.747739710517149714e-02
4.340567612687813021e-02,2.500000000000000000e+01,4.437588140070983234e-02,6.241343874744067349e-02,2.927835138288170658e-02
4.507512520868113548e-02,2.600000000000000000e+01,4.612260673565149460e-02,6.553700562222332382e-02,3.059385850042439445e-02
4.674457429048414076e-02,2.700000000000000000e+01,4.787238845943916909e-02,6.748568876212816814e-02,3.196847273618130120e-02
4.841402337228714603e-02,2.800000000000000000e+01,4.962523728685354352e-02,6.848165220532556607e-02,3.291902614090352897e-02
5.008347245409015130e-02,2.900000000000000000e+01,5.138116398911844740e-02,7.155860485607688781e-02,3.490576486767264786e-02
5.175292153589315658e-02,3.000000000000000000e+01,5.314017939429801357e-02,7.368633476186420284e-02,3.559430784589599772e-02
5.342237061769616185e-02,3.100000000000000000e+01,5.490229438769728826e-02,7.587733077745173471e-02,3.774250595926954138e-02
5.509181969949916713e-02,3.200000000000000000e+01,5.666751991226641472e-02,7.737406931079156280e-02,3.867541424034717790e-02
5.676126878130217240e-02,3.300000000000000000e+01,5.843586696900839733e-02,7.851596688787039480e-02,4.061097884332459662e-02
5.843071786310517768e-02,3.400000000000000000e+01,6.020734661739043925e-02,8.244540705707657791e-02,4.202322666698272285e-02
6.010016694490818295e-02,3.500000000000000000e+01,6.198196997575895068e-02,8.448326864113160639e-02,4.391137443389719897e-02
6.176961602671118823e-02,3.600000000000000000e+01,6.375974822175824175e-02,8.531244818741130775e-02,4.521703913732649793e-02
6.343906510851418656e-02,3.700000000000000000e+01,6.554069259275299708e-02,8.784913609111438815e-02,4.678946282502715465e-02
6.510851419031719878e-02,3.800000000000000000e+01,6.732481438625438630e-02,8.958202766440713505e-02,4.818070486403512598e-02
6.677796327212019711e-02,3.900000000000000000e+01,6.911212496035014363e-02,9.315103293454989053e-02,4.937162150863531190e-02
6.844741235392320933e-02,4.000000000000000000e+01,7.090263573413835285e-02,9.360704237426319130e-02,5.133861848284897167e-02
7.011686143572620766e-02,4.100000000000000000e+01,7.269635818816526374e-02,9.592079401259837046e-02,5.260759151748056056e-02
7.178631051752921988e-02,4.200000000000000000e+01,7.449330386486702205e-02,9.829173629074135221e-02,5.470351160625976789e-02
7.345575959933221821e-02,4.300000000000000000e+01,7.629348436901488284e-02,1.017098339237905436e-01,5.551083385151978078e-02
7.512520868113523043e-02,4.400000000000000000e+01,7.809691136816557244e-02,1.032108821943184124e-01,5.800499399316968313e-02
7.679465776293822876e-02,4.500000000000000000e+01,7.990359659311457863e-02,1.047340831498279751e-01,5.800499399316968313e-02
7.846410684474124098e-02,4.600000000000000000e+01,8.171355183835406211e-02,1.062797637228112685e-01,5.972971963102279014e-02
8.013355592654423931e-02,4.700000000000000000e+01,8.352678896253487584e-02,1.089067560002977830e-01,6.120610146243484623e-02
8.180300500834725153e-02,4.800000000000000000e+01,8.534331988893274767e-02,1.110550252735643534e-01,6.302600911379559190e-02
8.347245409015024986e-02,4.900000000000000000e+01,8.716315660591872350e-02,1.126939912141165373e-01,6.521774018603115897e-02
8.514190317195326208e-02,5.000000000000000000e+01,8.898631116743380143e-02,1.154795285005064814e-01,6.618023291989326429e-02
8.681135225375626041e-02,5.100000000000000000e+01,9.081279569346813185e-02,1.166129276289585986e-01,6.781605666199576332e-02
8.848080133555927262e-02,5.200000000000000000e+01,9.264262237054428362e-02,1.183339178870862762e-01,6.915378038191513643e-02
9.015025041736227096e-02,5.300000000000000000e+01,9.447580345220524256e-02,1.212588612400359311e-01,7.190891121639404748e-02
9.181969949916528317e-02,5.400000000000000000e+01,9.631235125950668441e-02,1.236507852609162600e-01,7.297015320896073354e-02
9.348914858096828151e-02,5.500000000000000000e+01,9.815227818151386896e-02,1.254756412281807787e-01,7.404705716257975467e-02
9.515859766277129372e-02,5.600000000000000000e+01,9.999559667580321110e-02,1.273274286807102862e-01,7.624877893003506601e-02
9.682804674457429206e-02,5.700000000000000000e+01,1.018423192689678902e-01,1.304746710167847823e-01,7.813347406296164421e-02
9.849749582637730427e-02,5.800000000000000000e+01,1.036924585571293439e-01,1.311133937421564422e-01,7.813347406296164421e-02
1.001669449081803026e-01,5.900000000000000000e+01,1.055460272064522448e-01,1.336997059732287219e-01,7.967471675264914399e-02
1.018363939899833148e-01,6.000000000000000000e+01,1.074030379536649732e-01,1.356728653490622827e-01,8.124636163623621954e-02
1.035058430717863132e-01,6.100000000000000000e+01,1.092635036065846971e-01,1.383491166538447503e-01,8.366214816166543666e-02
1.051752921535893254e-01,6.200000000000000000e+01,1.111274370446473925e-01,1.403908926972302351e-01,8.489684610543368759e-02
1.068447412353923237e-01,6.300000000000000000e+01,1.129948512194428184e-01,1.424628015633772338e-01,8.614976589798113704e-02
1.085141903171953220e-01,6.400000000000000000e+01,1.148657591552545154e-01,1.445652879567920213e-01,8.958202766440713505e-02
1.101836393989983343e-01,6.500000000000000000e+01,1.167401739496048141e-01,1.466988031449940055e-01,8.958202766440713505e-02
1.118530884808013326e-01,6.600000000000000000e+01,1.186181087738049644e-01,1.495925495276381467e-01,9.179629016022654298e-02
1.135225375626043448e-01,6.700000000000000000e+01,1.204995768735105111e-01,1.503248614789539639e-01,9.406528415217552119e-02
1.151919866444073431e-01,6.800000000000000000e+01,1.223845915692818170e-01,1.525433772766436602e-01,9.452576919642451114e-02
1.168614357262103554e-01,6.900000000000000000e+01,1.242731662571499446e-01,1.540405476678072538e-01,9.781290522784781560e-02
1.185308848080133537e-01,7.000000000000000000e+01,1.261653144091878509e-01,1.570791155909120329e-01,9.925644206753608811e-02
1.202003338898163659e-01,7.100000000000000000e+01,1.280610495740869825e-01,1.601776215963148509e-01,1.002306161604975820e-01
1.218697829716193642e-01,7.200000000000000000e+01,1.299603853777394347e-01,1.609617514677470496e-01,1.017098339237905436e-01
1.235392320534223765e-01,7.300000000000000000e+01,1.318633355238255367e-01,1.633372480086500433e-01,1.047340831498279751e-01
1.252086811352253748e-01,7.400000000000000000e+01,1.337699137944071137e-01,1.673745705817762108e-01,1.047340831498279751e-01
1.268781302170283731e-01,7.500000000000000000e+01,1.356801340505263687e-01,1.690173049684305373e-01,1.068000432514575465e-01
1.285475792988313992e-01,7.600000000000000000e+01,1.375940102328106762e-01,1.690173049684305373e-01,1.073228697446288321e-01
1.302170283806343976e-01,7.700000000000000000e+01,1.395115563620824839e-01,1.715116865196013030e-01,1.105140174757763827e-01
1.318864774624373959e-01,7.800000000000000000e+01,1.414327865399763462e-01,1.740428805103265975e-01,1.121449991459008005e-01
1.335559265442403942e-01,7.900000000000000000e+01,1.433577149495607328e-01,1.774760097868070818e-01,1.143571452483426593e-01
1.352253756260434203e-01,8.000000000000000000e+01,1.452863558559663038e-01,1.783448217928134683e-01,1.149169666060784328e-01
1.368948247078464187e-01,8.100000000000000000e+01,1.472187236070202354e-01,1.800952261130305820e-01,1.177574507514298763e-01
1.385642737896494170e-01,8.200000000000000000e+01,1.491548326338866248e-01,1.827530972082663518e-01,1.212588612400359311e-01
1.402337228714524153e-01,8.300000000000000000e+01,1.510946974517131947e-01,1.845467675131885199e-01,1.206681451574440067e-01
1.419031719532554414e-01,8.400000000000000000e+01,1.530383326602842153e-01,1.881870940153218541e-01,1.224489828956326631e-01
1.435726210350584398e-01,8.500000000000000000e+01,1.549857529446797832e-01,1.881870940153218541e-01,1.236507852609162600e-01
1.452420701168614381e-01,8.600000000000000000e+01,1.569369730759415382e-01,1.918992287491611548e-01,1.248643829787708659e-01
1.469115191986644364e-01,8.700000000000000000e+01,1.588920079117448758e-01,1.937826657655668527e-01,1.267071493946638483e-01
1.485809682804674625e-01,8.800000000000000000e+01,1.608508723970779875e-01,1.995446167426973560e-01,1.279507444678106842e-01
1.502504173622704609e-01,8.900000000000000000e+01,1.628135815649266738e-01,1.985725293166805683e-01,1.311133937421564422e-01
1.519198664440734592e-01,9.000000000000000000e+01,1.647801505369675401e-01,2.015030910943006459e-01,1.330483839523179668e-01
1.535893155258764575e-01,9.100000000000000000e+01,1.667505945242662435e-01,2.034807873214346252e-01,1.350119310246472304e-01
1.552587646076794836e-01,9.200000000000000000e+01,1.687249288279838721e-01,2.044769025216178204e-01,1.370044564053987390e-01
1.569282136894824820e-01,9.300000000000000000e+01,1.707031688400895697e-01,2.074946018831460848e-01,1.363370351962779614e-01
1.585976627712854803e-01,9.400000000000000000e+01,1.726853300440807648e-01,2.074946018831460848e-01,1.417687898664670987e-01
1.602671118530884786e-01,9.500000000000000000e+01,1.746714280157101729e-01,2.105568368832930470e-01,1.417687898664670987e-01
1.619365609348914770e-01,9.600000000000000000e+01,1.766614784237201807e-01,2.136642647853804478e-01,1.438610339360358592e-01
1.636060100166945031e-01,9.700000000000000000e+01,1.786554970305845591e-01,2.168175525527168412e-01,1.438610339360358592e-01
1.652754590984975014e-01,9.800000000000000000e+01,1.806534996932576131e-01,2.189455559164930620e-01,1.452729895666012017e-01
1.669449081803004997e-01,9.900000000000000000e+01,1.826555023639306885e-01,2.189455559164930620e-01,1.481386106830787641e-01
1.686143572621034981e-01,1.000000000000000000e+02,1.846615210907964211e-01,2.210944450354255242e-01,1.503248614789539639e-01
1.702838063439065242e-01,1.010000000000000000e+02,1.866715720188205918e-01,2.254557025019343630e-01,1.518002577608515147e-01
1.719532554257095225e-01,1.020000000000000000e+02,1.886856713905218363e-01,2.265593932001396527e-01,1.563139000935044876e-01
1.736227045075125208e-01,1.030000000000000000e+02,1.907038355467590152e-01,2.276684868805883832e-01,1.555524123657324176e-01
1.752921535893155192e-01,1.040000000000000000e+02,1.927260809275267994e-01,2.310284509597927693e-01,1.586208029793220731e-01
1.769616026711185452e-01,1.050000000000000000e+02,1.947524240727591949e-01,2.321594223635562448e-01,1.593973116364434395e-01
1.786310517529215436e-01,1.060000000000000000e+02,1.967828816231411704e-01,2.344380018692532042e-01,1.609617514677470496e-01
1.803005008347245419e-01,1.070000000000000000e+02,1.988174703209286964e-01,2.390624712263273444e-01,1.617497199506476857e-01
1.819699499165275403e-01,1.080000000000000000e+02,2.008562070107769715e-01,2.425905893555072024e-01,1.641368454430775226e-01
1.836393989983305663e-01,1.090000000000000000e+02,2.028991086405773636e-01,2.402327721894630952e-01,1.681939322329439601e-01
1.853088480801335647e-01,1.100000000000000000e+02,2.049461922623022070e-01,2.449715478346112252e-01,1.698447084240063965e-01
1.869782971619365630e-01,1.110000000000000000e+02,2.069974750328595903e-01,2.473758747522611101e-01,1.731950255368697456e-01
1.886477462437395614e-01,1.120000000000000000e+02,2.090529742149556114e-01,2.498037994631163439e-01,1.698447084240063965e-01
1.903171953255425874e-01,1.130000000000000000e+02,2.111127071779661801e-01,2.547313709604293042e-01,1.766114302238522560e-01
1.919866444073455858e-01,1.140000000000000000e+02,2.131766913988176471e-01,2.510266832792460989e-01,1.757510624854791148e-01
1.936560934891485841e-01,1.150000000000000000e+02,2.152449444628766750e-01,2.534904396501050927e-01,1.809768601708357239e-01
1.953255425709515825e-01,1.160000000000000000e+02,2.173174840648490480e-01,2.584907329520713115e-01,1.800952261130305820e-01
1.969949916527546085e-01,1.170000000000000000e+02,2.193943280096881665e-01,2.623055761454631818e-01,1.836477425475441794e-01
1.986644407345576069e-01,1.180000000000000000e+02,2.214754942135127025e-01,2.635896608737109958e-01,1.818628101598772917e-01
2.003338898163606052e-01,1.190000000000000000e+02,2.235610007045340797e-01,2.635896608737109958e-01,1.845467675131885199e-01
2.020033388981636036e-01,1.200000000000000000e+02,2.256508656239933353e-01,2.687891690585310633e-01,1.836477425475441794e-01
2.036727879799666296e-01,1.210000000000000000e+02,2.277451072271082233e-01,2.687891690585310633e-01,1.872703350928459909e-01
2.053422370617696280e-01,1.220000000000000000e+02,2.298437438840294222e-01,2.714272592369731396e-01,1.918992287491611548e-01
2.070116861435726263e-01,1.230000000000000000e+02,2.319467940808082052e-01,2.767813700594843329e-01,1.937826657655668527e-01
2.086811352253756247e-01,1.240000000000000000e+02,2.340542764203729087e-01,2.781363192587332778e-01,1.956845881871399073e-01
2.103505843071786507e-01,1.250000000000000000e+02,2.361662096235164487e-01,2.808661490903240909e-01,1.966425380520914201e-01
2.120200333889816491e-01,1.260000000000000000e+02,2.382826125298940223e-01,2.794979014453549682e-01,1.995446167426973560e-01
2.136894824707846474e-01,1.270000000000000000e+02,2.404035040990316341e-01,2.850112118741031653e-01,2.015030910943006459e-01
2.153589315525876458e-01,1.280000000000000000e+02,2.425289034113451148e-01,2.850112118741031653e-01,2.044769025216178204e-01
2.170283806343906441e-01,1.290000000000000000e+02,2.446588296691700193e-01,2.906332765787384975e-01,2.044769025216178204e-01
2.186978297161936702e-01,1.300000000000000000e+02,2.467933021978026276e-01,2.906332765787384975e-01,2.054778940814077082e-01
2.203672787979966685e-01,1.310000000000000000e+02,2.489323404465520473e-01,2.949224840264002556e-01,2.064837858724237751e-01
2.220367278797996669e-01,1.320000000000000000e+02,2.510759639898034745e-01,2.963662408207476395e-01,2.095311031053678774e-01
2.237061769616026652e-01,1.330000000000000000e+02,2.532241925280930284e-01,2.992749922108036698e-01,2.126233930817112427e-01
2.253756260434056913e-01,1.340000000000000000e+02,2.553770458891940764e-01,3.007400561743360234e-01,2.136642647853804478e-01
2.270450751252086896e-01,1.350000000000000000e+02,2.575345440292152732e-01,2.992749922108036698e-01,2.157613195156311836e-01
2.287145242070116880e-01,1.360000000000000000e+02,2.596967070337104500e-01,3.081736613822037008e-01,2.168175525527168412e-01
2.303839732888146863e-01,1.370000000000000000e+02,2.618635551188007726e-01,3.066723843938824468e-01,2.189455559164930620e-01
2.320534223706177124e-01,1.380000000000000000e+02,2.640351086323086127e-01,3.127217323365479307e-01,2.232644248973337242e-01
2.337228714524207107e-01,1.390000000000000000e+02,2.662113880549041300e-01,3.142526231646631252e-01,2.243573884651868244e-01
2.353923205342237090e-01,1.400000000000000000e+02,2.683924140012643456e-01,3.157910082807835472e-01,2.254557025019343630e-01
2.370617696160267074e-01,1.410000000000000000e+02,2.705782072212445932e-01,3.173369243722755084e-01,2.265593932001396527e-01
2.387312186978297335e-01,1.420000000000000000e+02,2.727687886010633500e-01,3.220202280719015597e-01,2.310284509597927693e-01
2.404006677796327318e-01,1.430000000000000000e+02,2.749641791644990008e-01,3.220202280719015597e-01,2.310284509597927693e-01
2.420701168614357301e-01,1.440000000000000000e+02,2.771644000741014247e-01,3.220202280719015597e-01,2.332959302989063011e-01
2.437395659432387285e-01,1.450000000000000000e+02,2.793694726324153499e-01,3.299798303772435437e-01,2.344380018692532042e-01
2.454090150250417546e-01,1.460000000000000000e+02,2.815794182832181969e-01,3.283723240000482879e-01,2.402327721894630952e-01
2.470784641068447529e-01,1.470000000000000000e+02,2.837942586127710221e-01,3.283723240000482879e-01,2.390624712263273444e-01
2.487479131886477512e-01,1.480000000000000000e+02,2.860140153510838945e-01,3.299798303772435437e-01,2.437781617875751372e-01
2.504173622704507496e-01,1.490000000000000000e+02,2.882387103731950395e-01,3.364889355643932434e-01,2.449715478346112252e-01
2.520868113522537479e-01,1.500000000000000000e+02,2.904683657004641928e-01,3.348497198912503414e-01,2.437781617875751372e-01
2.537562604340567463e-01,1.510000000000000000e+02,2.927030035018804988e-01,3.397914799309538769e-01,2.485868729611980521e-01
2.554257095158598001e-01,1.520000000000000000e+02,2.949426460953853968e-01,3.464941274292549500e-01,2.522555535728872034e-01
2.570951585976627984e-01,1.530000000000000000e+02,2.971873159492092742e-01,3.431264378426282513e-01,2.510266832792460989e-01
2.587646076794657968e-01,1.540000000000000000e+02,2.994370356832247171e-01,3.516077373002081674e-01,2.522555535728872034e-01
2.604340567612687951e-01,1.550000000000000000e+02,3.016918280703138056e-01,3.516077373002081674e-01,2.584907329520713115e-01
2.621035058430717934e-01,1.560000000000000000e+02,3.039517160377512850e-01,3.516077373002081674e-01,2.572314878000531158e-01
2.637729549248747918e-01,1.570000000000000000e+02,3.062167226686034471e-01,3.533289897891396247e-01,2.610277468734568673e-01
2.654424040066777901e-01,1.580000000000000000e+02,3.084868712031425542e-01,3.567968145567314009e-01,2.610277468734568673e-01
2.671118530884807885e-01,1.590000000000000000e+02,3.107621850402780828e-01,3.620624729572900491e-01,2.635896608737109958e-01
2.687813021702837868e-01,1.600000000000000000e+02,3.130426877390032891e-01,3.656160144085193742e-01,2.661767193401121667e-01
2.704507512520868406e-01,1.610000000000000000e+02,3.153284030198592602e-01,3.692044328707313472e-01,2.687891690585310633e-01
2.721202003338898390e-01,1.620000000000000000e+02,3.176193547664150629e-01,3.638349053204441574e-01,2.674797547743651416e-01
2.737896494156928373e-01,1.630000000000000000e+02,3.199155670267652685e-01,3.728280706519897514e-01,2.714272592369731396e-01
2.754590984974958356e-01,1.640000000000000000e+02,3.222170640150445187e-01,3.728280706519897514e-01,2.754330215348159694e-01
2.771285475792988340e-01,1.650000000000000000e+02,3.245238701129595227e-01,3.746532046762883206e-01,2.794979014453549682e-01
2.787979966611018323e-01,1.660000000000000000e+02,3.268360098713390394e-01,3.783303206219945647e-01,2.767813700594843329e-01
2.804674457429048307e-01,1.670000000000000000e+02,3.291535080117015677e-01,3.801823902351635920e-01,2.822410948235732353e-01
2.821368948247078290e-01,1.680000000000000000e+02,3.314763894278411893e-01,3.820435264276287324e-01,2.794979014453549682e-01
2.838063439065108828e-01,1.690000000000000000e+02,3.338046791874323405e-01,3.876817794115068327e-01,2.850112118741031653e-01
2.854757929883138812e-01,1.700000000000000000e+02,3.361384025336525139e-01,3.895796279425125519e-01,2.878085168452242937e-01
2.871452420701168795e-01,1.710000000000000000e+02,3.384775848868247228e-01,3.895796279425125519e-01,2.906332765787384975e-01
2.888146911519198778e-01,1.720000000000000000e+02,3.408222518460788386e-01,3.934032425390230903e-01,2.934857605354259102e-01
2.904841402337228762e-01,1.730000000000000000e+02,3.431724291910324687e-01,3.934032425390230903e-01,2.920560360848818982e-01
2.921535893155258745e-01,1.740000000000000000e+02,3.455281428834914847e-01,4.011634231649867655e-01,2.963662408207476395e-01
2.938230383973288729e-01,1.750000000000000000e+02,3.478894190691713129e-01,4.031272694269973367e-01,3.036917353332714287e-01
2.954924874791318712e-01,1.760000000000000000e+02,3.502562840794374299e-01,4.031272694269973367e-01,2.992749922108036698e-01
2.971619365609349250e-01,1.770000000000000000e+02,3.526287644330679538e-01,4.070838503184913137e-01,3.051784209202383913e-01
2.988313856427379234e-01,1.780000000000000000e+02,3.550068868380353848e-01,4.090766793044077754e-01,3.036917353332714287e-01
3.005008347245409217e-01,1.790000000000000000e+02,3.573906781933116616e-01,4.130916519823717437e-01,3.051784209202383913e-01
3.021702838063439200e-01,1.800000000000000000e+02,3.597801655906930351e-01,4.110792639398400672e-01,3.081736613822037008e-01
3.038397328881469184e-01,1.810000000000000000e+02,3.621753763166479234e-01,4.151138914233780675e-01,3.127217323365479307e-01
3.055091819699499167e-01,1.820000000000000000e+02,3.645763378541860833e-01,4.212402015819418644e-01,3.127217323365479307e-01
3.071786310517529150e-01,1.830000000000000000e+02,3.669830778847510411e-01,4.191881176421450861e-01,3.157910082807835472e-01
3.088480801335559134e-01,1.840000000000000000e+02,3.693956242901349496e-01,4.295494875707801530e-01,3.173369243722755084e-01
3.105175292153589672e-01,1.850000000000000000e+02,3.718140051544167046e-01,4.253745558137381755e-01,3.173369243722755084e-01
3.121869782971619656e-01,1.860000000000000000e+02,3.742382487659230983e-01,4.337653951100773342e-01,3.267726486370994277e-01
3.138564273789649639e-01,1.870000000000000000e+02,3.766683836192148416e-01,4.358888403211481077e-01,3.251807661393825155e-01
3.155258764607679622e-01,1.880000000000000000e+02,3.791044384170959569e-01,4.316522943243447097e-01,3.283723240000482879e-01
3.171953255425709606e-01,1.890000000000000000e+02,3.815464420726477068e-01,4.380226805974206106e-01,3.283723240000482879e-01
3.188647746243739589e-01,1.900000000000000000e+02,3.839944237112877246e-01,4.401669668266596225e-01,3.283723240000482879e-01
3.205342237061769572e-01,1.910000000000000000e+02,3.864484126728544577e-01,4.401669668266596225e-01,3.315952061044535881e-01
3.222036727879799556e-01,1.920000000000000000e+02,3.889084385137167588e-01,4.466630138538691397e-01,3.381361758165139508e-01
3.238731218697829539e-01,1.930000000000000000e+02,3.913745310089102869e-01,4.510468858456183061e-01,3.381361758165139508e-01
3.255425709515860078e-01,1.940000000000000000e+02,3.938467201542993346e-01,4.488495977732473441e-01,3.397914799309538769e-01
3.272120200333890061e-01,1.950000000000000000e+02,3.963250361687664092e-01,4.532549304718481165e-01,3.397914799309538769e-01
3.288814691151920044e-01,1.960000000000000000e+02,3.988095094964282938e-01,4.554737843093249472e-01,3.431264378426282513e-01
3.305509181969950028e-01,1.970000000000000000e+02,4.013001708088801966e-01,4.577035002732147695e-01,3.431264378426282513e-01
3.322203672787980011e-01,1.980000000000000000e+02,4.037970510074673780e-01,4.599441315377227335e-01,3.516077373002081674e-01
3.338898163606009994e-01,1.990000000000000000e+02,4.063001812255858658e-01,4.644583539682310969e-01,3.516077373002081674e-01
3.355592654424039978e-01,2.000000000000000000e+02,4.088095928310116478e-01,4.644583539682310969e-01,3.533289897891396247e-01
3.372287145242069961e-01,2.010000000000000000e+02,4.113253174282588964e-01,4.690168822236316926e-01,3.533289897891396247e-01
3.388981636060100500e-01,2.020000000000000000e+02,4.138473868609687800e-01,4.759387004269498012e-01,3.550586684582041075e-01
3.405676126878130483e-01,2.030000000000000000e+02,4.163758332143274177e-01,4.736201511531480945e-01,3.602986750501375179e-01
3.422370617696160466e-01,2.040000000000000000e+02,4.189106888175154753e-01,4.759387004269498012e-01,3.656160144085193742e-01
3.439065108514190450e-01,2.050000000000000000e+02,4.214519862461880706e-01,4.829626718129260698e-01,3.656160144085193742e-01
3.455759599332220433e-01,2.060000000000000000e+02,4.239997583249867086e-01,4.853269562490481470e-01,3.692044328707313472e-01
3.472454090150250416e-01,2.070000000000000000e+02,4.265540381300834682e-01,4.853269562490481470e-01,3.656160144085193742e-01
3.489148580968280400e-01,2.080000000000000000e+02,4.291148589917571643e-01,4.853269562490481470e-01,3.728280706519897514e-01
3.505843071786310383e-01,2.090000000000000000e+02,4.316822544970029263e-01,4.949004026162783232e-01,3.746532046762883206e-01
3.522537562604340922e-01,2.100000000000000000e+02,4.342562584921759727e-01,4.973231267472008055e-01,3.764872734200162552e-01
3.539232053422370905e-01,2.110000000000000000e+02,4.368369050856675817e-01,4.949004026162783232e-01,3.801823902351635920e-01
3.555926544240400888e-01,2.120000000000000000e+02,4.394242286506185313e-01,5.022042135141240315e-01,3.820435264276287324e-01
3.572621035058430872e-01,2.130000000000000000e+02,4.420182638276651255e-01,4.997577110265163380e-01,3.857931763050262419e-01
3.589315525876460855e-01,2.140000000000000000e+02,4.446190455277225229e-01,5.022042135141240315e-01,3.857931763050262419e-01
3.606010016694490838e-01,2.150000000000000000e+02,4.472266089348033713e-01,5.096158150974283707e-01,3.914867671578833863e-01
3.622704507512520822e-01,2.160000000000000000e+02,4.498409895088741339e-01,5.096158150974283707e-01,3.895796279425125519e-01
3.639398998330550805e-01,2.170000000000000000e+02,4.524622229887483860e-01,5.121105767226150629e-01,3.953290997899852610e-01
3.656093489148581344e-01,2.180000000000000000e+02,4.550903453950180255e-01,5.196683778304649337e-01,3.953290997899852610e-01
3.672787979966611327e-01,2.190000000000000000e+02,4.577253930330231202e-01,5.171367981565371252e-01,3.992091438373746581e-01
3.689482470784641310e-01,2.200000000000000000e+02,4.603674024958617772e-01,5.247687769589095552e-01,4.031272694269973367e-01
3.706176961602671294e-01,2.210000000000000000e+02,4.630164106674387048e-01,5.273377180476058745e-01,4.031272694269973367e-01
3.722871452420701277e-01,2.220000000000000000e+02,4.656724547255549629e-01,5.377398589057275080e-01,4.031272694269973367e-01
3.739565943238731260e-01,2.230000000000000000e+02,4.683355721450386255e-01,5.377398589057275080e-01,4.090766793044077754e-01
3.756260434056761244e-01,2.240000000000000000e+02,4.710058007009175207e-01,5.377398589057275080e-01,4.110792639398400672e-01
3.772954924874791227e-01,2.250000000000000000e+02,4.736831784716338811e-01,5.377398589057275080e-01,4.130916519823717437e-01
3.789649415692821210e-01,2.260000000000000000e+02,4.763677438423028487e-01,5.430176245437733362e-01,4.191881176421450861e-01
3.806343906510851749e-01,2.270000000000000000e+02,4.790595355080142781e-01,5.456759006242613008e-01,4.233023312466023258e-01
3.823038397328881732e-01,2.280000000000000000e+02,4.817585924771792816e-01,5.456759006242613008e-01,4.191881176421450861e-01
3.839732888146911716e-01,2.290000000000000000e+02,4.844649540749221828e-01,5.483471899687771822e-01,4.233023312466023258e-01
3.856427378964941699e-01,2.300000000000000000e+02,4.871786599465184331e-01,5.537290635810950823e-01,4.274569247017054319e-01
3.873121869782971682e-01,2.310000000000000000e+02,4.898997500608791023e-01,5.564397761956723087e-01,4.274569247017054319e-01
3.889816360601001666e-01,2.320000000000000000e+02,4.926282647140831084e-01,5.619010762682079552e-01,4.295494875707801530e-01
3.906510851419031649e-01,2.330000000000000000e+02,4.953642445329578536e-01,5.591637587708887525e-01,4.358888403211481077e-01
3.923205342237061632e-01,2.340000000000000000e+02,4.981077304787086546e-01,5.591637587708887525e-01,4.337653951100773342e-01
3.939899833055092171e-01,2.350000000000000000e+02,5.008587638505985762e-01,5.729850058708780836e-01,4.401669668266596225e-01
3.956594323873122154e-01,2.360000000000000000e+02,5.036173862896782261e-01,5.674159774666129863e-01,4.380226805974206106e-01
3.973288814691152138e-01,2.370000000000000000e+02,5.063836397825683955e-01,5.701936926869125566e-01,4.423217501457444301e-01
3.989983305509182121e-01,2.380000000000000000e+02,5.091575666652935483e-01,5.757899835856703508e-01,4.423217501457444301e-01
4.006677796327212104e-01,2.390000000000000000e+02,5.119392096271704329e-01,5.842875744842660479e-01,4.466630138538691397e-01
4.023372287145242088e-01,2.400000000000000000e+02,5.147286117147489293e-01,5.814412005073303913e-01,4.510468858456183061e-01
4.040066777963272071e-01,2.410000000000000000e+02,5.175258163358101848e-01,5.900221928732124477e-01,4.554737843093249472e-01
4.056761268781302054e-01,2.420000000000000000e+02,5.203308672634188170e-01,5.900221928732124477e-01,4.577035002732147695e-01
4.073455759599332593e-01,2.430000000000000000e+02,5.231438086400336251e-01,5.929105740442465189e-01,4.554737843093249472e-01
4.090150250417362576e-01,2.440000000000000000e+02,5.259646849816749237e-01,5.929105740442465189e-01,4.621957315373631525e-01
4.106844741235392560e-01,2.450000000000000000e+02,5.287935411821526044e-01,5.929105740442465189e-01,4.577035002732147695e-01
4.123539232053422543e-01,2.460000000000000000e+02,5.316304225173522635e-01,6.016608330645656366e-01,4.644583539682310969e-01
4.140233722871452526e-01,2.470000000000000000e+02,5.344753746495835012e-01,6.075659651054891031e-01,4.690168822236316926e-01
4.156928213689482510e-01,2.480000000000000000e+02,5.373284436319899493e-01,6.075659651054891031e-01,4.713128967598220753e-01
4.173622704507512493e-01,2.490000000000000000e+02,5.401896759130221382e-01,6.075659651054891031e-01,4.782685998739265587e-01
4.190317195325542476e-01,2.500000000000000000e+02,5.430591183409749778e-01,6.105402296585326072e-01,4.782685998739265587e-01
4.207011686143573015e-01,2.510000000000000000e+02,5.459368181685902988e-01,6.135290543583579170e-01,4.782685998739265587e-01
4.223706176961602998e-01,2.520000000000000000e+02,5.488228230577252287e-01,6.165325104823748958e-01,4.806099050574580422e-01
4.240400667779632982e-01,2.530000000000000000e+02,5.517171810840897361e-01,6.256313854178821021e-01,4.877028147492151744e-01
4.257095158597662965e-01,2.540000000000000000e+02,5.546199407420511207e-01,6.256313854178821021e-01,4.900903039728360389e-01
4.273789649415692948e-01,2.550000000000000000e+02,5.575311509495095574e-01,6.256313854178821021e-01,4.900903039728360389e-01
4.290484140233722932e-01,2.560000000000000000e+02,5.604508610528442514e-01,6.317717816956668342e-01,4.949004026162783232e-01
4.307178631051752915e-01,2.570000000000000000e+02,5.633791208319326449e-01,6.379724442377845417e-01,5.046626925541486397e-01
4.323873121869782898e-01,2.580000000000000000e+02,5.663159805052423446e-01,6.379724442377845417e-01,4.973231267472008055e-01
4.340567612687812882e-01,2.590000000000000000e+02,5.692614907349992093e-01,6.348645428505552690e-01,4.997577110265163380e-01
4.357262103505843420e-01,2.600000000000000000e+02,5.722157026324306006e-01,6.410955599745021827e-01,5.022042135141240315e-01
4.373956594323873404e-01,2.610000000000000000e+02,5.751786677630876810e-01,6.442339645406873760e-01,5.096158150974283707e-01
4.390651085141903387e-01,2.620000000000000000e+02,5.781504381522452052e-01,6.537416614956702565e-01,5.146175511468988883e-01
4.407345575959933370e-01,2.630000000000000000e+02,5.811310662903829138e-01,6.505569399061988944e-01,5.071332067763314466e-01
4.424040066777963354e-01,2.640000000000000000e+02,5.841206051387489717e-01,6.601579522356240126e-01,5.146175511468988883e-01
4.440734557595993337e-01,2.650000000000000000e+02,5.871191081350055629e-01,6.537416614956702565e-01,5.196683778304649337e-01
4.457429048414023320e-01,2.660000000000000000e+02,5.901266291989607504e-01,6.666372170665443297e-01,5.247687769589095552e-01
4.474123539232053304e-01,2.670000000000000000e+02,5.931432227383863776e-01,6.633896744016333225e-01,5.247687769589095552e-01
4.490818030050083842e-01,2.680000000000000000e+02,5.961689436549233445e-01,6.666372170665443297e-01,5.247687769589095552e-01
4.507512520868113826e-01,2.690000000000000000e+02,5.992038473500773677e-01,6.731800740614414247e-01,5.299192350718511246e-01
4.524207011686143809e-01,2.700000000000000000e+02,6.022479897313055552e-01,6.831149618391642031e-01,5.325133895955933561e-01
4.540901502504173792e-01,2.710000000000000000e+02,6.053014272181959088e-01,6.831149618391642031e-01,5.299192350718511246e-01
4.557595993322203776e-01,2.720000000000000000e+02,6.083642167487416375e-01,6.797871473595380465e-01,5.403722983328179685e-01
4.574290484140233759e-01,2.730000000000000000e+02,6.114364157857117288e-01,6.931964701111047455e-01,5.456759006242613008e-01
4.590984974958263742e-01,2.740000000000000000e+02,6.145180823231198852e-01,6.831149618391642031e-01,5.430176245437733362e-01
4.607679465776293726e-01,2.750000000000000000e+02,6.176092748927927145e-01,6.931964701111047455e-01,5.483471899687771822e-01
4.624373956594324264e-01,2.760000000000000000e+02,6.207100525710411709e-01,6.965899282831542472e-01,5.430176245437733362e-01
4.641068447412354248e-01,2.770000000000000000e+02,6.238204749854335818e-01,7.034267627234775944e-01,5.483471899687771822e-01
4.657762938230384231e-01,2.780000000000000000e+02,6.269406023216771429e-01,6.999999987128565637e-01,5.510315562821569424e-01
4.674457429048414214e-01,2.790000000000000000e+02,6.300704953306047740e-01,7.173023950152719319e-01,5.591637587708887525e-01
4.691151919866444198e-01,2.800000000000000000e+02,6.332102153352725527e-01,7.103306987730362287e-01,5.619010762682079552e-01
4.707846410684474181e-01,2.810000000000000000e+02,6.363598242381687253e-01,7.068703020363937828e-01,5.619010762682079552e-01
4.724540901502504164e-01,2.820000000000000000e+02,6.395193845285371825e-01,7.208138607816875210e-01,5.619010762682079552e-01
4.741235392320534148e-01,2.830000000000000000e+02,6.426889592898162862e-01,7.208138607816875210e-01,5.674159774666129863e-01
4.757929883138564686e-01,2.840000000000000000e+02,6.458686122071961577e-01,7.314517347940421299e-01,5.701936926869125566e-01
4.774624373956594670e-01,2.850000000000000000e+02,6.490584075752963145e-01,7.278884463138114436e-01,5.701936926869125566e-01
4.791318864774624653e-01,2.860000000000000000e+02,6.522584103059672067e-01,7.243425164974388597e-01,5.814412005073303913e-01
4.808013355592654636e-01,2.870000000000000000e+02,6.554686859362153228e-01,7.350324669153392998e-01,5.814412005073303913e-01
4.824707846410684620e-01,2.880000000000000000e+02,6.586893006362575242e-01,7.350324669153392998e-01,5.871478825353771969e-01
4.841402337228714603e-01,2.890000000000000000e+02,6.619203212177040552e-01,7.458801811498527723e-01,5.929105740442465189e-01
4.858096828046744586e-01,2.900000000000000000e+02,6.651618151418750013e-01,7.458801811498527723e-01,5.958130949305149304e-01
4.874791318864774570e-01,2.910000000000000000e+02,6.684138505282523068e-01,7.458801811498527723e-01,5.958130949305149304e-01
4.891485809682804553e-01,2.920000000000000000e+02,6.716764961630686814e-01,7.532007855740493474e-01,5.987298247512568006e-01
4.908180300500835092e-01,2.930000000000000000e+02,6.749498215080378394e-01,7.568879875019396408e-01,5.987298247512568006e-01
4.924874791318865075e-01,2.940000000000000000e+02,6.782338967092277349e-01,7.568879875019396408e-01,6.016608330645656366e-01
4.941569282136895058e-01,2.950000000000000000e+02,6.815287926060802359e-01,7.680582486339586623e-01,6.075659651054891031e-01
4.958263772954925042e-01,2.960000000000000000e+02,6.848345807405797903e-01,7.643166304528564714e-01,6.075659651054891031e-01
4.974958263772955025e-01,2.970000000000000000e+02,6.881513333665736365e-01,7.755965245596208035e-01,6.105402296585326072e-01
4.991652754590985008e-01,2.980000000000000000e+02,6.914791234592483349e-01,7.718181834472723768e-01,6.165325104823748958e-01
5.008347245409014992e-01,2.990000000000000000e+02,6.948180247247629504e-01,7.793933620767798942e-01,6.105402296585326072e-01
5.025041736227044975e-01,3.000000000000000000e+02,6.981681116100448836e-01,7.832087865456273112e-01,6.105402296585326072e-01
5.041736227045074958e-01,3.010000000000000000e+02,7.015294593127496814e-01,7.793933620767798942e-01,6.256313854178821021e-01
5.058430717863104942e-01,3.020000000000000000e+02,7.049021437913889354e-01,7.870428889563021446e-01,6.286940870170351081e-01
5.075125208681134925e-01,3.030000000000000000e+02,7.082862417756294882e-01,7.870428889563021446e-01,6.317717816956668342e-01
5.091819699499164908e-01,3.040000000000000000e+02,7.116818307767676099e-01,7.986581804352383962e-01,6.317717816956668342e-01
5.108514190317196002e-01,3.050000000000000000e+02,7.150889890983821440e-01,8.104448920464628614e-01,6.379724442377845417e-01
5.125208681135225985e-01,3.060000000000000000e+02,7.185077958471677295e-01,8.104448920464628614e-01,6.348645428505552690e-01
5.141903171953255969e-01,3.070000000000000000e+02,7.219383309439569851e-01,8.064967860945304601e-01,6.379724442377845417e-01
5.158597662771285952e-01,3.080000000000000000e+02,7.253806751349297643e-01,8.064967860945304601e-01,6.442339645406873760e-01
5.175292153589315935e-01,3.090000000000000000e+02,7.288349100030172556e-01,8.104448920464628614e-01,6.505569399061988944e-01
5.191986644407345919e-01,3.100000000000000000e+02,7.323011179795034797e-01,8.183991809687621855e-01,6.537416614956702565e-01
5.208681135225375902e-01,3.110000000000000000e+02,7.357793823558282931e-01,8.183991809687621855e-01,6.569419734984941472e-01
5.225375626043405886e-01,3.120000000000000000e+02,7.392697872955967808e-01,8.224055536327939953e-01,6.569419734984941472e-01
5.242070116861435869e-01,3.130000000000000000e+02,7.427724178467988159e-01,8.264315390020888774e-01,6.633896744016333225e-01
5.258764607679465852e-01,3.140000000000000000e+02,7.462873599542433345e-01,8.427335348276906446e-01,6.633896744016333225e-01
5.275459098497495836e-01,3.150000000000000000e+02,7.498147004722117703e-01,8.304772330882352893e-01,6.699006576776660449e-01
5.292153589315525819e-01,3.160000000000000000e+02,7.533545271773357532e-01,8.386281338098069416e-01,6.764755444253024441e-01
5.308848080133555802e-01,3.170000000000000000e+02,7.569069287817035141e-01,8.468590333319788721e-01,6.764755444253024441e-01
5.325542570951585786e-01,3.180000000000000000e+02,7.604719949461996586e-01,8.427335348276906446e-01,6.797871473595380465e-01
5.342237061769615769e-01,3.190000000000000000e+02,7.640498162940836391e-01,8.551707168205024967e-01,6.931964701111047455e-01
5.358931552587645752e-01,3.200000000000000000e+02,7.676404844248122528e-01,8.593571000215405320e-01,6.864590672258100712e-01
5.375626043405675736e-01,3.210000000000000000e+02,7.712440919281107199e-01,8.635639771473133663e-01,6.864590672258100712e-01
5.392320534223706829e-01,3.220000000000000000e+02,7.748607323982994455e-01,8.677914485233122477e-01,6.898195432696098139e-01
5.409015025041736813e-01,3.230000000000000000e+02,7.784905004488781310e-01,8.763085777860126768e-01,6.898195432696098139e-01
5.425709515859766796e-01,3.240000000000000000e+02,7.821334917273792264e-01,8.763085777860126768e-01,6.931964701111047455e-01
5.442404006677796779e-01,3.250000000000000000e+02,7.857898029304897225e-01,8.849093002795533902e-01,6.999999987128565637e-01
5.459098497495826763e-01,3.260000000000000000e+02,7.894595318194521649e-01,8.849093002795533902e-01,7.034267627234775944e-01
5.475792988313856746e-01,3.270000000000000000e+02,7.931427772357485528e-01,8.805984387889811416e-01,7.068703020363937828e-01
5.492487479131886730e-01,3.280000000000000000e+02,7.968396391170746718e-01,8.849093002795533902e-01,7.173023950152719319e-01
5.509181969949916713e-01,3.290000000000000000e+02,8.005502185136103011e-01,8.935944364480086222e-01,7.138080354568521191e-01
5.525876460767946696e-01,3.300000000000000000e+02,8.042746176045927342e-01,8.935944364480086222e-01,7.173023950152719319e-01
5.542570951585976680e-01,3.310000000000000000e+02,8.080129397151998294e-01,8.935944364480086222e-01,7.243425164974388597e-01
5.559265442404006663e-01,3.320000000000000000e+02,8.117652893337502507e-01,9.023648147878836623e-01,7.208138607816875210e-01
5.575959933222036646e-01,3.330000000000000000e+02,8.155317721292271171e-01,9.067822308985299395e-01,7.278884463138114436e-01
5.592654424040066630e-01,3.340000000000000000e+02,8.193124949691331649e-01,9.067822308985299395e-01,7.278884463138114436e-01
5.609348914858096613e-01,3.350000000000000000e+02,8.231075659376847486e-01,9.201646527050143520e-01,7.350324669153392998e-01
5.626043405676126596e-01,3.360000000000000000e+02,8.269170943543524555e-01,9.246692057357760453e-01,7.386307280709043521e-01
5.642737896494156580e-01,3.370000000000000000e+02,8.307411907927558792e-01,9.291958102525931240e-01,7.314517347940421299e-01
5.659432387312187673e-01,3.380000000000000000e+02,8.345799670999217712e-01,9.337445742058061438e-01,7.495315459579959816e-01
5.676126878130217657e-01,3.390000000000000000e+02,8.384335364159117843e-01,9.383156060742138260e-01,7.495315459579959816e-01
5.692821368948247640e-01,3.400000000000000000e+02,8.423020131938320221e-01,9.291958102525931240e-01,7.532007855740493474e-01
5.709515859766277623e-01,3.410000000000000000e+02,8.461855132202296126e-01,9.429090148676598782e-01,7.605932396739571999e-01
5.726210350584307607e-01,3.420000000000000000e+02,8.500841536358869632e-01,9.521634019398755866e-01,7.568879875019396408e-01
5.742904841402337590e-01,3.430000000000000000e+02,8.539980529570232459e-01,9.475249101296322474e-01,7.605932396739571999e-01
5.759599332220367573e-01,3.440000000000000000e+02,8.579273310969128818e-01,9.615086182211994847e-01,7.718181834472723768e-01
5.776293823038397557e-01,3.450000000000000000e+02,8.618721093879291306e-01,9.662155655567445933e-01,7.680582486339586623e-01
5.792988313856427540e-01,3.460000000000000000e+02,8.658325106040261065e-01,9.615086182211994847e-01,7.793933620767798942e-01
5.809682804674457524e-01,3.470000000000000000e+02,8.698086589836654392e-01,9.662155655567445933e-01,7.793933620767798942e-01
5.826377295492487507e-01,3.480000000000000000e+02,8.738006802532028994e-01,9.852749084944029123e-01,7.832087865456273112e-01
5.843071786310517490e-01,3.490000000000000000e+02,8.778087016507417628e-01,9.756986998760371899e-01,7.870428889563021446e-01
5.859766277128547474e-01,3.500000000000000000e+02,8.818328519504671226e-01,9.756986998760371899e-01,7.870428889563021446e-01
5.876460767946577457e-01,3.510000000000000000e+02,8.858732614874721412e-01,9.804751130133138037e-01,7.947674937930243599e-01
5.893155258764607440e-01,3.520000000000000000e+02,8.899300621830864566e-01,9.852749084944029123e-01,8.025679134560049777e-01
5.909849749582637424e-01,3.530000000000000000e+02,8.940033875707222855e-01,9.949451049099380384e-01,8.025679134560049777e-01
5.926544240400667407e-01,3.540000000000000000e+02,8.980933728222474377e-01,9.998157364589640439e-01,8.025679134560049777e-01
5.943238731218698501e-01,3.550000000000000000e+02,9.022001547749010086e-01,1.004710211586466118e+00,8.144123254661252975e-01
5.959933222036728484e-01,3.560000000000000000e+02,9.063238719587630721e-01,9.949451049099380384e-01,8.144123254661252975e-01
5.976627712854758467e-01,3.570000000000000000e+02,9.104646646247944730e-01,9.998157364589640439e-01,8.144123254661252975e-01
5.993322203672788451e-01,3.580000000000000000e+02,9.146226747734581553e-01,1.024528890935269443e+00,8.183991809687621855e-01
6.010016694490818434e-01,3.590000000000000000e+02,9.187980461839387880e-01,1.009628647015750058e+00,8.224055536327939953e-01
6.026711185308848417e-01,3.600000000000000000e+02,9.229909244439747917e-01,1.029544346274920308e+00,8.264315390020888774e-01
6.043405676126878401e-01,3.610000000000000000e+02,9.272014569803181949e-01,1.029544346274920308e+00,8.386281338098069416e-01
6.060100166944908384e-01,3.620000000000000000e+02,9.314297930898393085e-01,1.034584354160120956e+00,8.345427323728359381e-01
6.076794657762938368e-01,3.630000000000000000e+02,9.356760839712904287e-01,1.034584354160120956e+00,8.386281338098069416e-01
6.093489148580968351e-01,3.640000000000000000e+02,9.399404827577478860e-01,1.044738508931458920e+00,8.468590333319788721e-01
6.110183639398998334e-01,3.650000000000000000e+02,9.442231445497487607e-01,1.049852897973602817e+00,8.468590333319788721e-01
6.126878130217028318e-01,3.660000000000000000e+02,9.485242264491393627e-01,1.044738508931458920e+00,8.551707168205024967e-01
6.143572621035058301e-01,3.670000000000000000e+02,9.528438875936557917e-01,1.060156909212796039e+00,8.510047277074475058e-01
6.160267111853088284e-01,3.680000000000000000e+02,9.571822891922538989e-01,1.054992323879084593e+00,8.510047277074475058e-01
6.176961602671118268e-01,3.690000000000000000e+02,9.615395945612096318e-01,1.070562051427409456e+00,8.593571000215405320e-01
6.193656093489148251e-01,3.700000000000000000e+02,9.659159691610085252e-01,1.070562051427409456e+00,8.763085777860126768e-01
6.210350584307179345e-01,3.710000000000000000e+02,9.703115806340468774e-01,1.075802856449859846e+00,8.635639771473133663e-01
6.227045075125209328e-01,3.720000000000000000e+02,9.747265988431635941e-01,1.097023892733388850e+00,8.763085777860126768e-01
6.243739565943239311e-01,3.730000000000000000e+02,9.791611959110293473e-01,1.091679708813151128e+00,8.720396149661594487e-01
6.260434056761269295e-01,3.740000000000000000e+02,9.836155462604095900e-01,1.097023892733388850e+00,8.805984387889811416e-01
6.277128547579299278e-01,3.750000000000000000e+02,9.880898266553307385e-01,1.091679708813151128e+00,8.935944364480086222e-01
6.293823038397329261e-01,3.760000000000000000e+02,9.925842162431700588e-01,1.107790874033537154e+00,8.935944364480086222e-01
6.310517529215359245e-01,3.770000000000000000e+02,9.970988965976965712e-01,1.102394238449563968e+00,9.023648147878836623e-01
6.327212020033389228e-01,3.780000000000000000e+02,1.001634051763087951e+00,1.113213928184129342e+00,8.935944364480086222e-01
6.343906510851419212e-01,3.790000000000000000e+02,1.006189868298948520e+00,1.113213928184129342e+00,8.979689182487835541e-01
6.360601001669449195e-01,3.800000000000000000e+02,1.010766535326360405e+00,1.124139810133665485e+00,9.023648147878836623e-01
6.377295492487479178e-01,3.810000000000000000e+02,1.015364244574989749e+00,1.135172926544928185e+00,9.067822308985299395e-01
6.393989983305509162e-01,3.820000000000000000e+02,1.019983190431284381e+00,1.124139810133665485e+00,9.246692057357760453e-01
6.410684474123539145e-01,3.830000000000000000e+02,1.024623569987786587e+00,1.140730026170168721e+00,9.201646527050143520e-01
6.427378964941569128e-01,3.840000000000000000e+02,1.029285583093597856e+00,1.140730026170168721e+00,9.291958102525931240e-01
6.444073455759599112e-01,3.850000000000000000e+02,1.033969432406024236e+00,1.157565082986846017e+00,9.246692057357760453e-01
6.460767946577629095e-01,3.860000000000000000e+02,1.038675323443436715e+00,1.151925970890836259e+00,9.291958102525931240e-01
6.477462437395659078e-01,3.870000000000000000e+02,1.043403464639382827e+00,1.151925970890836259e+00,9.383156060742138260e-01
6.494156928213690172e-01,3.880000000000000000e+02,1.048154067397980782e+00,1.151925970890836259e+00,9.475249101296322474e-01
6.510851419031720155e-01,3.890000000000000000e+02,1.052927346150638543e+00,1.157565082986846017e+00,9.521634019398755866e-01
6.527545909849750139e-01,3.900000000000000000e+02,1.057723518414131592e+00,1.174648593978938615e+00,9.568246009170161548e-01
6.544240400667780122e-01,3.910000000000000000e+02,1.062542804850080458e+00,1.180398941885188790e+00,9.568246009170161548e-01
6.560934891485810105e-01,3.920000000000000000e+02,1.067385429325868440e+00,1.186177439913281839e+00,9.521634019398755866e-01
6.577629382303840089e-01,3.930000000000000000e+02,1.072251618977041243e+00,1.186177439913281839e+00,9.615086182211994847e-01
6.594323873121870072e-01,3.940000000000000000e+02,1.077141604271232955e+00,1.180398941885188790e+00,9.756986998760371899e-01
6.611018363939900055e-01,3.950000000000000000e+02,1.082055619073662101e+00,1.197819438231463085e+00,9.756986998760371899e-01
6.627712854757930039e-01,3.960000000000000000e+02,1.086993900714244621e+00,1.203683216159610492e+00,9.756986998760371899e-01
6.644407345575960022e-01,3.970000000000000000e+02,1.091956690056373525e+00,1.215497028753431019e+00,9.756986998760371899e-01
6.661101836393990006e-01,3.980000000000000000e+02,1.096944231567412720e+00,1.209575699492337453e+00,9.852749084944029123e-01
6.677796327212019989e-01,3.990000000000000000e+02,1.101956773390956990e+00,1.215497028753431019e+00,9.900982007846965693e-01
6.694490818030049972e-01,4.000000000000000000e+02,1.106994567420914066e+00,1.227426790598789008e+00,9.949451049099380384e-01
6.711185308848079956e-01,4.010000000000000000e+02,1.112057869377460761e+00,1.233435507683689147e+00,1.004710211586466118e+00
6.727879799666109939e-01,4.020000000000000000e+02,1.117146938884931995e+00,1.233435507683689147e+00,1.009628647015750058e+00
6.744574290484139922e-01,4.030000000000000000e+02,1.122262039551702451e+00,1.233435507683689147e+00,1.019537868532730096e+00
6.761268781302171016e-01,4.040000000000000000e+02,1.127403439052121481e+00,1.257765968887636143e+00,1.014571160041534137e+00
6.777963272120200999e-01,4.050000000000000000e+02,1.132571409210564095e+00,1.251638725250669104e+00,1.014571160041534137e+00
6.794657762938230983e-01,4.060000000000000000e+02,1.137766226087667976e+00,1.251638725250669104e+00,1.029544346274920308e+00
6.811352253756260966e-01,4.070000000000000000e+02,1.142988170068819587e+00,1.270110588505023452e+00,1.029544346274920308e+00
6.828046744574290949e-01,4.080000000000000000e+02,1.148237525954963312e+00,1.276328258879595889e+00,1.039649034784846604e+00
6.844741235392320933e-01,4.090000000000000000e+02,1.153514583055807119e+00,1.270110588505023452e+00,1.039649034784846604e+00
6.861435726210350916e-01,4.100000000000000000e+02,1.158819635285500249e+00,1.288855062158209996e+00,1.039649034784846604e+00
6.878130217028380899e-01,4.110000000000000000e+02,1.164152981260862862e+00,1.288855062158209996e+00,1.044738508931458920e+00
6.894824707846410883e-01,4.120000000000000000e+02,1.169514924402248246e+00,1.282576367095752401e+00,1.054992323879084593e+00
6.911519198664440866e-01,4.130000000000000000e+02,1.174905773037124623e+00,1.288855062158209996e+00,1.060156909212796039e+00
6.928213689482470850e-01,4.140000000000000000e+02,1.180325840506463830e+00,1.295164493801112204e+00,1.065346777139629220e+00
6.944908180300500833e-01,4.150000000000000000e+02,1.185775445274028339e+00,1.307876169433472180e+00,1.070562051427409456e+00
6.961602671118530816e-01,4.160000000000000000e+02,1.191254911038653885e+00,1.320712606590839666e+00,1.075802856449859846e+00
6.978297161936560800e-01,4.170000000000000000e+02,1.196764566849623623e+00,1.327177992929358119e+00,1.075802856449859846e+00
6.994991652754590783e-01,4.180000000000000000e+02,1.202304747225238835e+00,1.327177992929358119e+00,1.081069317189551793e+00
7.011686143572620766e-01,4.190000000000000000e+02,1.207875792274694327e+00,1.327177992929358119e+00,1.086361559240902164e+00
7.028380634390650750e-01,4.200000000000000000e+02,1.213478047823363992e+00,1.340203872061519919e+00,1.102394238449563968e+00
7.045075125208681843e-01,4.210000000000000000e+02,1.219111865541620432e+00,1.346764675495980113e+00,1.107790874033537154e+00
7.061769616026711827e-01,4.220000000000000000e+02,1.224777603077297883e+00,1.359982792414690334e+00,1.107790874033537154e+00
7.078464106844741810e-01,4.230000000000000000e+02,1.230475624191935458e+00,1.366640421124233118e+00,1.107790874033537154e+00
7.095158597662771793e-01,4.240000000000000000e+02,1.236206298900920597e+00,1.366640421124233118e+00,1.113213928184129342e+00
7.111853088480801777e-01,4.250000000000000000e+02,1.241970003617670626e+00,1.380053612902227167e+00,1.124139810133665485e+00
7.128547579298831760e-01,4.260000000000000000e+02,1.247767121301996518e+00,1.373330641437349842e+00,1.135172926544928185e+00
7.145242070116861743e-01,4.270000000000000000e+02,1.253598041612789649e+00,1.380053612902227167e+00,1.129642898492745129e+00
7.161936560934891727e-01,4.280000000000000000e+02,1.259463161065187631e+00,1.393598451389108650e+00,1.135172926544928185e+00
7.178631051752921710e-01,4.290000000000000000e+02,1.265362883192375998e+00,1.393598451389108650e+00,1.151925970890836259e+00
7.195325542570951693e-01,4.300000000000000000e+02,1.271297618712190491e+00,1.407276228660338857e+00,1.146314329894029704e+00
7.212020033388981677e-01,4.310000000000000000e+02,1.277267785698694258e+00,1.400420641428049340e+00,1.151925970890836259e+00
7.228714524207011660e-01,4.320000000000000000e+02,1.283273809758906037e+00,1.421088249472737708e+00,1.146314329894029704e+00
7.245409015025041644e-01,4.330000000000000000e+02,1.289316124214868742e+00,1.414165376577829036e+00,1.163231800663455218e+00
7.262103505843071627e-01,4.340000000000000000e+02,1.295395170291250952e+00,1.428045012441543582e+00,1.163231800663455218e+00
7.278797996661101610e-01,4.350000000000000000e+02,1.301511397308686924e+00,1.449120304903109391e+00,1.174648593978938615e+00
7.295492487479131594e-01,4.360000000000000000e+02,1.307665262883065171e+00,1.442060873031799861e+00,1.180398941885188790e+00
7.312186978297162687e-01,4.370000000000000000e+02,1.313857233130986568e+00,1.456214295356016875e+00,1.191984225868683689e+00
7.328881469115192671e-01,4.380000000000000000e+02,1.320087782881622651e+00,1.456214295356016875e+00,1.191984225868683689e+00
7.345575959933222654e-01,4.390000000000000000e+02,1.326357395895217950e+00,1.456214295356016875e+00,1.191984225868683689e+00
7.362270450751252637e-01,4.400000000000000000e+02,1.332666565088482802e+00,1.484939238976562326e+00,1.203683216159610492e+00
7.378964941569282621e-01,4.410000000000000000e+02,1.339015792767141555e+00,1.477705314122204072e+00,1.203683216159610492e+00
7.395659432387312604e-01,4.420000000000000000e+02,1.345405590865912382e+00,1.477705314122204072e+00,1.227426790598789008e+00
7.412353923205342587e-01,4.430000000000000000e+02,1.351836481196202921e+00,1.492208576621477434e+00,1.221447345154585307e+00
7.429048414023372571e-01,4.440000000000000000e+02,1.358308995701820399e+00,1.499513500415918799e+00,1.215497028753431019e+00
7.445742904841402554e-01,4.450000000000000000e+02,1.364823676723013968e+00,1.506854184567513633e+00,1.233435507683689147e+00
7.462437395659432537e-01,4.460000000000000000e+02,1.371381077269173021e+00,1.506854184567513633e+00,1.245541330659962087e+00
7.479131886477462521e-01,4.470000000000000000e+02,1.377981761300524965e+00,1.514230804136691644e+00,1.245541330659962087e+00
7.495826377295492504e-01,4.480000000000000000e+02,1.384626304019193510e+00,1.521643535040881456e+00,1.251638725250669104e+00
7.512520868113522488e-01,4.490000000000000000e+02,1.391315292169990281e+00,1.536578038834101712e+00,1.245541330659962087e+00
7.529215358931552471e-01,4.500000000000000000e+02,1.398049324351334333e+00,1.536578038834101712e+00,1.270110588505023452e+00
7.545909849749582454e-01,4.510000000000000000e+02,1.404829011336713007e+00,1.559255077216163077e+00,1.270110588505023452e+00
7.562604340567612438e-01,4.520000000000000000e+02,1.411654976407112905e+00,1.559255077216163077e+00,1.288855062158209996e+00
7.579298831385642421e-01,4.530000000000000000e+02,1.418527855694874829e+00,1.551659120586228902e+00,1.288855062158209996e+00
7.595993322203673515e-01,4.540000000000000000e+02,1.425448298539448988e+00,1.559255077216163077e+00,1.282576367095752401e+00
7.612687813021703498e-01,4.550000000000000000e+02,1.432416967855542289e+00,1.597796290547813802e+00,1.295164493801112204e+00
7.629382303839733481e-01,4.560000000000000000e+02,1.439434540514188843e+00,1.597796290547813802e+00,1.288855062158209996e+00
7.646076794657763465e-01,4.570000000000000000e+02,1.446501707737281262e+00,1.590012579271952831e+00,1.307876169433472180e+00
7.662771285475793448e-01,4.580000000000000000e+02,1.453619175506145167e+00,1.613478212241345577e+00,1.314278716570624228e+00
7.679465776293823431e-01,4.590000000000000000e+02,1.460787664984757761e+00,1.597796290547813802e+00,1.301504812491619090e+00
7.696160267111853415e-01,4.600000000000000000e+02,1.468007912958244843e+00,1.629314047590489700e+00,1.327177992929358119e+00
7.712854757929883398e-01,4.610000000000000000e+02,1.475280672287324624e+00,1.629314047590489700e+00,1.333675029772531273e+00
7.729549248747913381e-01,4.620000000000000000e+02,1.482606712379397340e+00,1.629314047590489700e+00,1.340203872061519919e+00
7.746243739565943365e-01,4.630000000000000000e+02,1.489986819677019847e+00,1.645305307214534052e+00,1.346764675495980113e+00
7.762938230383973348e-01,4.640000000000000000e+02,1.497421798164537909e+00,1.653359697248268034e+00,1.353357596537767771e+00
7.779632721202003331e-01,4.650000000000000000e+02,1.504912469893695537e+00,1.653359697248268034e+00,1.340203872061519919e+00
7.796327212020033315e-01,4.660000000000000000e+02,1.512459675529078451e+00,1.669586958168118640e+00,1.353357596537767771e+00
7.813021702838063298e-01,4.670000000000000000e+02,1.520064274914297631e+00,1.685973485094875546e+00,1.366640421124233118e+00
7.829716193656093282e-01,4.680000000000000000e+02,1.527727147659866835e+00,1.685973485094875546e+00,1.373330641437349842e+00
7.846410684474123265e-01,4.690000000000000000e+02,1.535449193753777086e+00,1.685973485094875546e+00,1.380053612902227167e+00
7.863105175292154359e-01,4.700000000000000000e+02,1.543231334195832583e+00,1.702520841179651523e+00,1.393598451389108650e+00
7.879799666110184342e-01,4.710000000000000000e+02,1.551074511656858501e+00,1.702520841179651523e+00,1.400420641428049340e+00
7.896494156928214325e-01,4.720000000000000000e+02,1.558979691163971726e+00,1.719230604915447325e+00,1.414165376577829036e+00
7.913188647746244309e-01,4.730000000000000000e+02,1.566947860813148408e+00,1.727646887163612366e+00,1.414165376577829036e+00
7.929883138564274292e-01,4.740000000000000000e+02,1.574980032510412631e+00,1.744603255981620249e+00,1.428045012441543582e+00
7.946577629382304275e-01,4.750000000000000000e+02,1.583077242743031965e+00,1.736104370287729903e+00,1.435035831388946193e+00
7.963272120200334259e-01,4.760000000000000000e+02,1.591240553382192946e+00,1.753143746926481672e+00,1.435035831388946193e+00
7.979966611018364242e-01,4.770000000000000000e+02,1.599471052518708358e+00,1.761726046795713430e+00,1.449120304903109391e+00
7.996661101836394225e-01,4.780000000000000000e+02,1.607769855333403441e+00,1.779016892991027499e+00,1.463343013567807827e+00
8.013355592654424209e-01,4.790000000000000000e+02,1.616138105003920078e+00,1.796477443983914402e+00,1.463343013567807827e+00
8.030050083472454192e-01,4.800000000000000000e+02,1.624576973649784595e+00,1.796477443983914402e+00,1.463343013567807827e+00
8.046744574290484175e-01,4.810000000000000000e+02,1.633087663317693172e+00,1.805271878644280514e+00,1.463343013567807827e+00
8.063439065108514159e-01,4.820000000000000000e+02,1.641671407009084760e+00,1.822990114945059581e+00,1.484939238976562326e+00
8.080133555926544142e-01,4.830000000000000000e+02,1.650329469752199296e+00,1.805271878644280514e+00,1.492208576621477434e+00
8.096828046744574126e-01,4.840000000000000000e+02,1.659063149720953811e+00,1.805271878644280514e+00,1.499513500415918799e+00
8.113522537562604109e-01,4.850000000000000000e+02,1.667873779403108658e+00,1.840882250757222005e+00,1.521643535040881456e+00
8.130217028380634092e-01,4.860000000000000000e+02,1.676762726820354654e+00,1.849894063694772717e+00,1.506854184567513633e+00
8.146911519198665186e-01,4.870000000000000000e+02,1.685731396803115567e+00,1.840882250757222005e+00,1.514230804136691644e+00
8.163606010016695169e-01,4.880000000000000000e+02,1.694781232323033571e+00,1.868050254205294136e+00,1.536578038834101712e+00
8.180300500834725153e-01,4.890000000000000000e+02,1.703913715886306024e+00,1.877195064766602250e+00,1.551659120586228902e+00
8.196994991652755136e-01,4.900000000000000000e+02,1.713130370991230000e+00,1.886384642624725050e+00,1.551659120586228902e+00
8.213689482470785119e-01,4.910000000000000000e+02,1.722432763653543475e+00,1.895619206932469325e+00,1.551659120586228902e+00
8.230383973288815103e-01,4.920000000000000000e+02,1.731822504003382335e+00,1.904898977915476799e+00,1.559255077216163077e+00
8.247078464106845086e-01,4.930000000000000000e+02,1.741301247957926179e+00,1.914224176877466155e+00,1.574558727728934127e+00
8.263772954924875069e-01,4.940000000000000000e+02,1.750870698974076767e+00,1.933011749375438182e+00,1.582266786572808615e+00
8.280467445742905053e-01,4.950000000000000000e+02,1.760532609885813615e+00,1.951983716619140496e+00,1.590012579271952831e+00
8.297161936560935036e-01,4.960000000000000000e+02,1.770288784831178353e+00,1.942474570956938429e+00,1.605618106026132752e+00
8.313856427378965019e-01,4.970000000000000000e+02,1.780141081274190018e+00,1.961539413135899412e+00,1.613478212241345577e+00
8.330550918196995003e-01,4.980000000000000000e+02,1.790091412127357895e+00,1.971141888391197527e+00,1.621376796641054829e+00
8.347245409015024986e-01,4.990000000000000000e+02,1.800141747980859463e+00,2.000232282194724931e+00,1.621376796641054829e+00
8.363939899833054969e-01,5.000000000000000000e+02,1.810294119444877392e+00,2.010024173637744660e+00,1.629314047590489700e+00
8.380634390651084953e-01,5.010000000000000000e+02,1.820550619612066434e+00,2.019864000082552291e+00,1.637290154376987994e+00
8.397328881469114936e-01,5.020000000000000000e+02,1.830913406647612929e+00,2.019864000082552291e+00,1.653359697248268034e+00
8.414023372287146030e-01,5.030000000000000000e+02,1.841384706514908931e+00,2.029751996189069985e+00,1.653359697248268034e+00
8.430717863105176013e-01,5.040000000000000000e+02,1.851966815845445868e+00,2.049673441776233229e+00,1.661453516559070920e+00
8.447412353923205997e-01,5.050000000000000000e+02,1.862662104962193865e+00,2.059707366342979906e+00,1.685973485094875546e+00
8.464106844741235980e-01,5.060000000000000000e+02,1.873473021066409450e+00,2.069790410754942300e+00,1.702520841179651523e+00
8.480801335559265963e-01,5.070000000000000000e+02,1.884402091598599727e+00,2.090104822132348605e+00,1.710855322831957848e+00
8.497495826377295947e-01,5.080000000000000000e+02,1.895451927785184676e+00,2.079922815472297071e+00,1.719230604915447325e+00
8.514190317195325930e-01,5.090000000000000000e+02,1.906625228383309834e+00,2.110618613750124162e+00,1.719230604915447325e+00
8.530884808013355913e-01,5.100000000000000000e+02,1.917924783637243058e+00,2.131333742469312398e+00,1.736104370287729903e+00
8.547579298831385897e-01,5.110000000000000000e+02,1.929353479460865772e+00,2.141767425007520931e+00,1.744603255981620249e+00
8.564273789649415880e-01,5.120000000000000000e+02,1.940914301861941693e+00,2.141767425007520931e+00,1.744603255981620249e+00
8.580968280467445863e-01,5.130000000000000000e+02,1.952610341625133028e+00,2.152252184356999276e+00,1.753143746926481672e+00
8.597662771285475847e-01,5.140000000000000000e+02,1.964444799272135667e+00,2.162788270557994164e+00,1.779016892991027499e+00
8.614357262103505830e-01,5.150000000000000000e+02,1.976420990318851434e+00,2.194707009069275294e+00,1.779016892991027499e+00
8.631051752921535813e-01,5.160000000000000000e+02,1.988542350851196128e+00,2.184015429801774211e+00,1.779016892991027499e+00
8.647746243739565797e-01,5.170000000000000000e+02,2.000812443443010569e+00,2.216247441764022330e+00,1.814109365379283689e+00
8.664440734557595780e-01,5.180000000000000000e+02,2.013234963441567604e+00,2.227096808886930734e+00,1.822990114945059581e+00
8.681135225375625764e-01,5.190000000000000000e+02,2.025813745648427755e+00,2.259964622001073398e+00,1.831914339129485869e+00
8.697829716193656857e-01,5.200000000000000000e+02,2.038552771425858001e+00,2.248955138367032980e+00,1.849894063694772717e+00
8.714524207011686840e-01,5.210000000000000000e+02,2.051456176261766018e+00,2.282145539832733938e+00,1.858949992855615241e+00
8.731218697829716824e-01,5.220000000000000000e+02,2.064528257829118640e+00,2.282145539832733938e+00,1.868050254205294136e+00
8.747913188647746807e-01,5.230000000000000000e+02,2.077773484579139573e+00,2.293317503000274371e+00,1.868050254205294136e+00
8.764607679465776791e-01,5.240000000000000000e+02,2.091196504911279952e+00,2.315825769988505645e+00,1.868050254205294136e+00
8.781302170283806774e-01,5.250000000000000000e+02,2.104802156967058746e+00,2.338554949293566665e+00,1.904898977915476799e+00
8.797996661101836757e-01,5.260000000000000000e+02,2.118595479099394385e+00,2.338554949293566665e+00,1.923595026205535907e+00
8.814691151919866741e-01,5.270000000000000000e+02,2.132581721074134240e+00,2.373067677579033585e+00,1.923595026205535907e+00
8.831385642737896724e-01,5.280000000000000000e+02,2.146766356066090342e+00,2.361507209107781780e+00,1.933011749375438182e+00
8.848080133555926707e-01,5.290000000000000000e+02,2.161155093518190018e+00,2.384684738903674717e+00,1.951983716619140496e+00
8.864774624373956691e-01,5.300000000000000000e+02,2.175753892939342737e+00,2.408089749642825961e+00,1.961539413135899412e+00
8.881469115191986674e-01,5.310000000000000000e+02,2.190568978724483529e+00,2.419878257219389983e+00,1.980791371384607258e+00
8.898163606010016657e-01,5.320000000000000000e+02,2.205606856089023626e+00,2.431724473986783153e+00,2.000232282194724931e+00
8.914858096828046641e-01,5.330000000000000000e+02,2.220874328219812011e+00,2.479692103915100532e+00,1.990488092236740947e+00
8.931552587646076624e-01,5.340000000000000000e+02,2.236378514755777314e+00,2.479692103915100532e+00,2.029751996189069985e+00
8.948247078464106607e-01,5.350000000000000000e+02,2.252126871723916235e+00,2.491831132021880446e+00,2.019864000082552291e+00
8.964941569282137701e-01,5.360000000000000000e+02,2.268127213070358472e+00,2.516287754506886909e+00,2.039688397765950789e+00
8.981636060100167684e-01,5.370000000000000000e+02,2.284387733942138787e+00,2.516287754506886909e+00,2.059707366342979906e+00
8.998330550918197668e-01,5.380000000000000000e+02,2.300917035893349283e+00,2.553423488942190733e+00,2.059707366342979906e+00
9.015025041736227651e-01,5.390000000000000000e+02,2.317724154209730436e+00,2.565923459987725863e+00,2.079922815472297071e+00
9.031719532554257635e-01,5.400000000000000000e+02,2.334818587569030601e+00,2.603791725260945267e+00,2.100336673555322164e+00
9.048414023372287618e-01,5.410000000000000000e+02,2.352210330280899875e+00,2.603791725260945267e+00,2.110618613750124162e+00
9.065108514190317601e-01,5.420000000000000000e+02,2.369909907380300496e+00,2.629347209513452022e+00,2.120950887920192596e+00
9.081803005008347585e-01,5.430000000000000000e+02,2.387928412882978968e+00,2.642218855807102251e+00,2.141767425007520931e+00
9.098497495826377568e-01,5.440000000000000000e+02,2.406277551551175176e+00,2.668151491549881182e+00,2.162788270557994164e+00
9.115191986644407551e-01,5.450000000000000000e+02,2.424969684563327732e+00,2.694338648826744897e+00,2.162788270557994164e+00
9.131886477462437535e-01,5.460000000000000000e+02,2.444017879534022164e+00,2.707528452728462209e+00,2.205450927649796888e+00
9.148580968280467518e-01,5.470000000000000000e+02,2.463435965391123528e+00,2.747486544729856650e+00,2.194707009069275294e+00
9.165275459098497501e-01,5.480000000000000000e+02,2.483238592687303292e+00,2.747486544729856650e+00,2.237999287753924982e+00
9.181969949916527485e-01,5.490000000000000000e+02,2.503441300004822789e+00,2.774452353264631022e+00,2.248955138367032980e+00
9.198664440734557468e-01,5.500000000000000000e+02,2.524060587207558104e+00,2.815398117758259211e+00,2.282145539832733938e+00
9.215358931552587451e-01,5.510000000000000000e+02,2.545113996405390377e+00,2.829180553420036937e+00,2.271028001209921321e+00
9.232053422370617435e-01,5.520000000000000000e+02,2.566620201626354181e+00,2.856948165698310671e+00,2.304544157141220406e+00
9.248747913188648528e-01,5.530000000000000000e+02,2.588599108345130517e+00,2.884988309289831410e+00,2.315825769988505645e+00
9.265442404006678512e-01,5.540000000000000000e+02,2.611071964197189121e+00,2.899111415186282237e+00,2.350003057796191897e+00
9.282136894824708495e-01,5.550000000000000000e+02,2.634061482421887757e+00,2.941896915938293500e+00,2.361507209107781780e+00
9.298831385642738478e-01,5.560000000000000000e+02,2.657591979832081730e+00,2.956298610928338455e+00,2.373067677579033585e+00
9.315525876460768462e-01,5.570000000000000000e+02,2.681689531411142191e+00,2.999928088491178979e+00,2.384684738903674717e+00
9.332220367278798445e-01,5.580000000000000000e+02,2.706382144001513890e+00,3.029371539854935236e+00,2.443628682453250267e+00
9.348914858096828429e-01,5.590000000000000000e+02,2.731699951985803398e+00,3.089128216441290764e+00,2.455591166510040058e+00
9.365609348914858412e-01,5.600000000000000000e+02,2.757675438389064038e+00,3.074079438150129295e+00,2.479692103915100532e+00
9.382303839732888395e-01,5.610000000000000000e+02,2.784343685471225349e+00,3.089128216441290764e+00,2.479692103915100532e+00
9.398998330550918379e-01,5.620000000000000000e+02,2.811742659659339783e+00,3.165484388910037250e+00,2.516287754506886909e+00
9.415692821368948362e-01,5.630000000000000000e+02,2.839913536626035739e+00,3.180980628910108798e+00,2.540984411870536697e+00
9.432387312186978345e-01,5.640000000000000000e+02,2.868901073499288135e+00,3.227925995817162441e+00,2.578484623106100493e+00
9.449081803005008329e-01,5.650000000000000000e+02,2.898754036648969024e+00,3.259607182585699370e+00,2.565923459987725863e+00
9.465776293823038312e-01,5.660000000000000000e+02,2.929525695315722711e+00,3.291599311301592667e+00,2.616538267820493591e+00
9.482470784641068295e-01,5.670000000000000000e+02,2.961274393630302981e+00,3.340177204538560485e+00,2.629347209513452022e+00
9.499165275459098279e-01,5.680000000000000000e+02,2.994064216453293348e+00,3.372960105383908225e+00,2.655153513664126219e+00
9.515859766277129372e-01,5.690000000000000000e+02,3.027965768128976887e+00,3.406064761190751966e+00,2.694338648826744897e+00
9.532554257095159356e-01,5.700000000000000000e+02,3.063057087940247225e+00,3.439494329893642011e+00,2.734102083816402295e+00
9.549248747913189339e-01,5.710000000000000000e+02,3.099424732111121905e+00,3.507340993001165863e+00,2.747486544729856650e+00
9.565943238731219322e-01,5.720000000000000000e+02,3.137165060093968894e+00,3.541764559465879980e+00,2.801682823634170205e+00
9.582637729549249306e-01,5.730000000000000000e+02,3.176385773247250022e+00,3.594034427201452164e+00,2.815398117758259211e+00
9.599332220367279289e-01,5.740000000000000000e+02,3.217207767767504834e+00,3.647075701118094759e+00,2.870934004516068949e+00
9.616026711185309273e-01,5.750000000000000000e+02,3.259767382186300910e+00,3.682870724484751168e+00,2.884988309289831410e+00
9.632721202003339256e-01,5.760000000000000000e+02,3.304219144757134519e+00,3.755518173599867726e+00,2.927565379225832931e+00
9.649415692821369239e-01,5.770000000000000000e+02,3.350739160392027127e+00,3.810942647733229549e+00,2.970770807647210354e+00
9.666110183639399223e-01,5.780000000000000000e+02,3.399529324561458843e+00,3.886116413741690145e+00,2.999928088491178979e+00
9.682804674457429206e-01,5.790000000000000000e+02,3.450822618949009435e+00,3.943468275374728105e+00,3.044201456121602867e+00
9.699499165275459189e-01,5.800000000000000000e+02,3.504889840219285180e+00,3.982172308586715559e+00,3.074079438150129295e+00
9.716193656093489173e-01,5.810000000000000000e+02,3.562048254059233532e+00,4.080602485092952314e+00,3.119447142000257411e+00
9.732888146911519156e-01,5.820000000000000000e+02,3.622672875875668108e+00,4.201935481433852537e+00,3.165484388910037250e+00
9.749582637729549139e-01,5.830000000000000000e+02,3.687211397013238745e+00,4.263948246020622612e+00,3.243727911033960520e+00
9.766277128547579123e-01,5.840000000000000000e+02,3.756204268500189958e+00,4.348057894826069081e+00,3.259607182585699370e+00
9.782971619365609106e-01,5.850000000000000000e+02,3.830312240653911626e+00,4.412227154880840274e+00,3.356528631759504666e+00
9.799666110183640200e-01,5.860000000000000000e+02,3.910354948327452895e+00,4.543420708576424438e+00,3.422738732852116161e+00
9.816360601001670183e-01,5.870000000000000000e+02,3.997366325317082580e+00,4.701418279440320092e+00,3.456331951902337885e+00
9.833055091819700166e-01,5.880000000000000000e+02,4.092676505121407793e+00,4.770802482571250280e+00,3.541764559465879980e+00
9.849749582637730150e-01,5.890000000000000000e+02,4.198037020779233686e+00,4.912657946874774417e+00,3.611628581273899741e+00
9.866444073455760133e-01,5.900000000000000000e+02,4.315820056435617502e+00,5.133388834712432569e+00,3.719017065949199896e+00
9.883138564273790116e-01,5.910000000000000000e+02,4.449351449060140240e+00,5.337906328705924075e+00,3.829598649355809847e+00
9.899833055091820100e-01,5.920000000000000000e+02,4.603502128887398293e+00,5.577744073542008074e+00,3.905140419301948107e+00
9.916527545909850083e-01,5.930000000000000000e+02,4.785823685681353190e+00,5.799964964417075208e+00,4.060723710956711585e+00
9.933222036727880067e-01,5.940000000000000000e+02,5.008967236995562899e+00,6.180112751824136552e+00,4.201935481433852537e+00
9.949916527545910050e-01,5.950000000000000000e+02,5.296649309447343690e+00,6.747947089969335899e+00,4.348057894826069081e+00
9.966611018363940033e-01,5.960000000000000000e+02,5.702114417555508297e+00,7.587033974256206292e+00,4.610473160967592854e+00
9.983305509181970017e-01,5.970000000000000000e+02,6.395261598115453694e+00,9.544471835791531689e+00,5.009563891968855209e+00
1.000000000000000000e+00,5.980000000000000000e+02,inf,1.947133632364757005e+01,6.240768822190950083e+00
